url	slug	plantilla	title	meta_description	robots	canonical	og_title	og_description	og_type	og_locale
/	home	tpl-home.php	Caissa | Agencia de Google Ads que hace crecer tu negocio	Maximizamos el ROI de tu negocio con Google Ads y Meta Ads. Optimización diaria, equipo senior e inteligencia artificial. Sin contratos de permanencia. Clientes +4 años en promedio.	index, follow, max-image-preview:large, max-snippet:-1	https://caissa.digital/	Caissa | Agencia de Google Ads que hace crecer tu negocio	Maximizamos el ROI de tu negocio con Google Ads y Meta Ads. Optimización diaria, equipo senior e IA. Sin contratos de permanencia.	website	es_AR
/agencia-google-ads/	google-ads	tpl-google-ads.php	#1 Agencia de Google Ads | Caissa Google Partner	Agencia de Google Ads certificada como Google Partner y seleccionada Partner Premier en 2025. Campañas para empresas de Argentina, LATAM y España. Consultoría gratuita.	index, follow, max-image-preview:large, max-snippet:-1	https://caissa.digital/agencia-google-ads/	#1 Agencia de Google Ads | Caissa Google Partner	Agencia de Google Ads certificada como Google Partner y seleccionada Partner Premier en 2025. Campañas para empresas de Argentina, LATAM y España.	website	es_ES
/agencia-meta-ads/	meta-ads	tpl-meta-ads.php	Agencia de Meta Ads | Meta Business Partner | Caissa	Agencia de Meta Ads y Meta Business Partner oficial. Campañas de Facebook, Instagram y WhatsApp Ads para Argentina, LATAM y España. Consultoría gratuita.	index, follow, max-image-preview:large, max-snippet:-1	https://caissa.digital/agencia-meta-ads/	Agencia de Meta Ads | Meta Business Partner | Caissa	Meta Business Partner oficial. Campañas de Facebook, Instagram y WhatsApp Ads para empresas de Argentina, LATAM y España.	website	es_ES
/agencia-marketing-neuquen/	marketing-neuquen	tpl-marketing-neuquen.php	Agencia de Marketing Digital en Neuquén | Caissa	Agencia de marketing digital y publicidad online en Neuquén Capital, con oficina propia. Google Ads y Meta Ads en todo el Alto Valle. Llamanos al 299 469-5443.	index, follow, max-image-preview:large, max-snippet:-1	https://caissa.digital/agencia-marketing-neuquen/	Agencia de Marketing Digital en Neuquén | Caissa	Oficinas propias en Neuquén Capital. Google Ads y Meta Ads para empresas del Alto Valle, Vaca Muerta y la Patagonia.	website	es_AR
/industrias/	industrias	tpl-industrias.php	Marketing Digital por Industria | Caissa	Estrategias de marketing digital por industria: ecommerce, constructoras, salud, turismo y abogados. Casos reales con resultados publicados en cada rubro.	index, follow, max-image-preview:large, max-snippet:-1	https://caissa.digital/industrias/	Marketing Digital por Industria | Caissa	Cada rubro se vende distinto. Ecommerce, constructoras, salud, turismo y abogados, con casos reales.	website	es_AR
/industrias/abogados/	ind-abogados	tpl-ind-abogados.php	Agencia de Marketing Digital para Abogados | Caissa	Agencia de marketing digital para abogados y estudios jurídicos. Google Ads y Meta Ads para captar consultas que califican. Consultoría gratuita.	index, follow, max-image-preview:large, max-snippet:-1	https://caissa.digital/industrias/abogados/	Agencia de Marketing Digital para Abogados | Caissa	Google Ads y Meta Ads para estudios jurídicos, despachos y abogados independientes. Consultas que califican, no formularios sueltos.	website	es_AR
/industrias/constructoras/	ind-constructoras	tpl-ind-constructoras.php	Agencia de Marketing Digital para Constructoras | Caissa	Marketing digital para constructoras y desarrolladoras que venden en pozo: consultas calificadas y seguimiento hasta la firma. Caso real: +650% en 90 días.	index, follow, max-image-preview:large, max-snippet:-1	https://caissa.digital/industrias/constructoras/	Agencia de Marketing Digital para Constructoras | Caissa	Google Ads y Meta Ads para desarrollos en pozo: consultas calificadas y un embudo que acompaña hasta la firma.	website	es_AR
/industrias/ecommerce/	ind-ecommerce	tpl-ind-ecommerce.php	Agencia de Marketing Digital para Ecommerce | Caissa	Agencia de marketing para ecommerce: Google Shopping, Meta Ads y CRO optimizando ganancia, no solo facturación. Caso real: +249% en ventas online.	index, follow, max-image-preview:large, max-snippet:-1	https://caissa.digital/industrias/ecommerce/	Agencia de Marketing Digital para Ecommerce | Caissa	Google Shopping, Meta Ads y CRO para tiendas online que quieren escalar con margen, no solo facturación.	website	es_AR
/industrias/salud/	ind-salud	tpl-ind-salud.php	Agencia de Marketing Digital para Salud y Clínicas | Caissa	Marketing digital para clínicas, centros médicos y consultorios, dentro de las políticas de salud. Caso real: +207% en leads con un CPA 40% más bajo.	index, follow, max-image-preview:large, max-snippet:-1	https://caissa.digital/industrias/salud/	Agencia de Marketing Digital para Salud y Clínicas | Caissa	Google Ads y Meta Ads para clínicas y centros médicos, escritos dentro de las políticas de salud de cada plataforma.	website	es_AR
/industrias/turismo/	ind-turismo	tpl-ind-turismo.php	Agencia de Marketing Digital para Turismo | Caissa	Marketing digital para agencias de viajes, operadores y hotelería: Google Ads y Meta Ads siguiendo el calendario del viajero. Caso real: +85% en ventas.	index, follow, max-image-preview:large, max-snippet:-1	https://caissa.digital/industrias/turismo/	Agencia de Marketing Digital para Turismo | Caissa	Google Ads y Meta Ads para agencias de viajes, operadores y hotelería. La temporada se gana antes de que empiece.	website	es_AR
/reviews/	reviews	tpl-reviews.php	Opiniones de Caissa: testimonios y resultados de clientes	Opiniones y testimonios de clientes de Caissa: resultados en Google Ads y Meta Ads, en video y en reseñas públicas. 4.9 en Google y 5.0 en Clutch.	index, follow, max-snippet:-1, max-image-preview:large	https://caissa.digital/reviews/	Opiniones de Caissa: testimonios y resultados de clientes	Los clientes de Caissa cuentan sus resultados: testimonios en video y reseñas públicas en Google y Clutch.	website	es_AR
/equipo/	equipo	tpl-equipo.php	Nuestro equipo y nuestros valores | Caissa	Conocé a las nueve personas del equipo de Caissa y los seis valores que sostienen nuestra forma de trabajar: respeto, integridad y servicio experto.	index, follow, max-image-preview:large, max-snippet:-1	https://caissa.digital/equipo/	Nuestro equipo y nuestros valores | Caissa	Las personas que están detrás de cada caso de éxito de Caissa, y los seis valores con los que trabajamos.	website	es_AR
/equipo/manu-ferrini/	manu-ferrini	tpl-manu-ferrini.php	Manuel Ferrini, CEO y cofundador de Caissa	Manuel Ferrini es CEO y cofundador de Caissa y creador del método PCO™. Más de 10 años en performance marketing y más de 100 empresas asesoradas.	index, follow, max-image-preview:large, max-snippet:-1	https://caissa.digital/equipo/manu-ferrini/	Manuel Ferrini, CEO y cofundador de Caissa	Manuel Ferrini es CEO y cofundador de Caissa y creador del método PCO™. Más de 10 años en performance marketing y más de 100 empresas asesoradas.	profile	es_AR
/equipo/martin-pera/	martin-pera	tpl-martin-pera.php	Martín Pera, COO y cofundador de Caissa	Martín Pera es COO y cofundador de Caissa. Lidera el equipo y la cultura de la agencia, con más de siete años de experiencia en marketing digital.	index, follow, max-image-preview:large, max-snippet:-1	https://caissa.digital/equipo/martin-pera/	Martín Pera, COO y cofundador de Caissa	Martín Pera es COO y cofundador de Caissa. Lidera el equipo y la cultura de la agencia, con más de siete años de experiencia en marketing digital.	profile	es_AR
/tecnologia/	tecnologia	tpl-tecnologia.php	AEGIS, nuestra tecnología PPC propia | Caissa	Desarrollamos AEGIS, nuestro software PPC propio: más de cuatro años, 20.000 horas de experiencia y +$1M USD de inversión para detener el desperdicio más rápido.	index, follow, max-image-preview:large, max-snippet:-1	https://caissa.digital/tecnologia/	AEGIS, nuestra tecnología PPC propia | Caissa	Más de cuatro años y +$1M USD para desarrollar nuestro software PPC propio. Ahora es tu ventaja.	website	es_AR
/carreras/	carreras	tpl-carreras.php	Trabajá con nosotros: empleos en marketing digital | Caissa	Sumate a Caissa, agencia certificada Great Place to Work. Búsquedas abiertas en performance marketing, remotas y presenciales en Neuquén Capital.	index, follow, max-snippet:-1, max-image-preview:large	https://caissa.digital/carreras/	Trabajá con nosotros: empleos en marketing digital | Caissa	Somos Great Place to Work. Búsquedas abiertas en performance marketing, remotas y presenciales en Neuquén Capital.	website	es_AR
/carreras/especialista-en-performance-marketing/	vac-remoto	tpl-vac-remoto.php	Empleo remoto: Especialista en Performance Marketing | Caissa	Vacante 100% remota para residentes en Argentina en una agencia Great Place to Work: 2+ años en Google Ads y Meta Ads y prepaga cubierta al 100%. Postulate.	index, follow, max-snippet:-1, max-image-preview:large	https://caissa.digital/carreras/especialista-en-performance-marketing/	Empleo remoto: Especialista en Performance Marketing | Caissa	Vacante 100% remota para residentes en Argentina, con más de dos años en Google Ads y Meta Ads.	website	es_AR
/carreras/especialista-performance-marketing-neuquen/	vac-neuquen	tpl-vac-neuquen.php	Empleo: Especialista en Performance Marketing en Neuquén | Caissa	Vacante presencial full time en Neuquén Capital, con o sin experiencia. Somos Great Place to Work: formación paga, plan de carrera y salario por desempeño.	index, follow, max-snippet:-1, max-image-preview:large	https://caissa.digital/carreras/especialista-performance-marketing-neuquen/	Empleo: Especialista en Performance Marketing en Neuquén | Caissa	Vacante presencial full time en Neuquén Capital, con o sin experiencia. La formación corre por cuenta nuestra.	website	es_AR
/aviso-legal/	aviso-legal	tpl-aviso-legal.php	Aviso legal y política de privacidad | Caissa	Aviso legal, política de privacidad y política de cookies de Caissa (SYNERGYMEDIA PATAGONIA S.A.S.), conforme a la Ley 25.326 de Protección de los Datos Personales de la República Argentina.	index, follow	https://caissa.digital/aviso-legal/	Aviso legal y política de privacidad | Caissa	Aviso legal, política de privacidad y política de cookies de Caissa, conforme a la Ley 25.326 de la República Argentina.	website	es_AR
/reservar-consultoria/	reservar-consultoria	tpl-reservar-consultoria.php	Reservá tu consultoría gratuita | Caissa	Reservá 15 minutos con Manuel Ferrini, CEO de Caissa. Compartimos pantalla y recorremos tu cuenta de Google Ads en vivo. Sin compromiso.	index, follow	/reservar-consultoria/	Reservá tu consultoría gratuita | Caissa	15 minutos con el CEO. Compartimos pantalla y recorremos tu cuenta de Google Ads en vivo.	website	es_AR
/llamada-confirmada/	llamada-confirmada	tpl-llamada-confirmada.php	Llamada confirmada | Caissa	Tu reunión con Caissa quedó agendada. Mientras tanto, podés conocer qué dicen nuestros clientes.	noindex, follow	https://caissa.digital/llamada-confirmada/	Llamada confirmada | Caissa		website	es_AR
