index.html	home	Caissa — Home	es-AR	Manu-CEO-home.webp
agencia-google-ads/index.html	google-ads	Caissa — Agencia de Google Ads	es	
agencia-meta-ads/index.html	meta-ads	Caissa — Agencia de Meta Ads	es	
agencia-marketing-neuquen/index.html	marketing-neuquen	Caissa — Marketing en Neuquén	es-AR	
industrias/index.html	industrias	Caissa — Industrias (hub)	es	
industrias/abogados/index.html	ind-abogados	Caissa — Industrias · Abogados	es	
industrias/constructoras/index.html	ind-constructoras	Caissa — Industrias · Constructoras	es	
industrias/ecommerce/index.html	ind-ecommerce	Caissa — Industrias · Ecommerce	es	
industrias/salud/index.html	ind-salud	Caissa — Industrias · Salud	es	
industrias/turismo/index.html	ind-turismo	Caissa — Industrias · Turismo	es	
reviews/index.html	reviews	Caissa — Opiniones y testimonios	es-AR	
equipo/index.html	equipo	Caissa — Equipo y valores	es-AR	
equipo/manu-ferrini/index.html	manu-ferrini	Caissa — Perfil Manuel Ferrini	es-AR	
equipo/martin-pera/index.html	martin-pera	Caissa — Perfil Martín Pera	es-AR	
tecnologia/index.html	tecnologia	Caissa — Tecnología	es-AR	
carreras/index.html	carreras	Caissa — Trabajá con nosotros (hub)	es-AR	
carreras/especialista-en-performance-marketing/index.html	vac-remoto	Caissa — Vacante: Performance Marketing (remoto)	es-AR	
carreras/especialista-performance-marketing-neuquen/index.html	vac-neuquen	Caissa — Vacante: Performance Marketing (Neuquén)	es-AR	
aviso-legal/index.html	aviso-legal	Caissa — Aviso legal y privacidad	es-AR	
reservar-consultoria/index.html	reservar-consultoria	Caissa — Reservar consultoría	es-AR	
llamada-confirmada/index.html	llamada-confirmada	Caissa — Llamada confirmada	es-AR	
